{
	"info": {
		"_postman_id": "17702b45-7bdd-4e46-82d0-2c50711ff5b6",
		"name": "ServiceNow",
		"schema": "https://schema.getpostman.com/json/collection/v2.1.0/collection.json",
		"_exporter_id": "21745860"
	},
	"item": [
		{
			"name": "SNRequests",
			"item": [
				{
					"name": "createincident",
					"event": [
						{
							"listen": "test",
							"script": {
								"exec": [
									"// status codes",
									"",
									"pm.test(\"Status code is 201\", function () {",
									"    pm.response.to.have.status(201);",
									"});",
									"",
									"// we assert a particular field based on func",
									"",
									"var resp= pm.response.json();",
									"",
									"var system_id=resp.result.sys_id;",
									"",
									"console.log(system_id);",
									"",
									"pm.globals.set(\"sysId\",system_id);",
									"",
									""
								],
								"type": "text/javascript"
							}
						}
					],
					"request": {
						"method": "POST",
						"header": [
							{
								"key": "Content-Type",
								"value": "application/json",
								"type": "text"
							}
						],
						"body": {
							"mode": "raw",
							"raw": "{\n    \"category\": \"hardware\",\n    \"impact\": \"1\",\n    \"short_description\": \"{{desc}}\"\n}",
							"options": {
								"raw": {
									"language": "json"
								}
							}
						},
						"url": {
							"raw": "https://{{env}}/api/now/v1/table/{{table}}",
							"protocol": "https",
							"host": [
								"{{env}}"
							],
							"path": [
								"api",
								"now",
								"v1",
								"table",
								"{{table}}"
							]
						}
					},
					"response": []
				},
				{
					"name": "getincident",
					"event": [
						{
							"listen": "test",
							"script": {
								"exec": [
									"pm.test(\"Status code is 200\", function () {",
									"    pm.response.to.have.status(200);",
									"});"
								],
								"type": "text/javascript"
							}
						}
					],
					"request": {
						"method": "GET",
						"header": [
							{
								"key": "Accept",
								"value": "application/json",
								"type": "text"
							}
						],
						"url": {
							"raw": "https://{{env}}/api/now/table/{{table}}/{{sysId}}",
							"protocol": "https",
							"host": [
								"{{env}}"
							],
							"path": [
								"api",
								"now",
								"table",
								"{{table}}",
								"{{sysId}}"
							]
						}
					},
					"response": []
				},
				{
					"name": "getincidents",
					"event": [
						{
							"listen": "test",
							"script": {
								"exec": [
									"// gets the whole response into json object",
									"var response=pm.response.json();",
									"",
									"// get the length",
									"var size=response.result.length;",
									"",
									"// get the last incident's sys_id ",
									"var lastrecord= response.result[size-1].sys_id;",
									"pm.globals.set(\"lastId\",lastrecord);",
									"",
									"// first record",
									"var firstRecord= response.result[0].sys_id;",
									"pm.globals.set(\"firstId\",firstRecord);",
									"",
									"// get random record",
									"var randomFloat= Math.random()*size;",
									"var randomInteger= Math.floor(randomFloat)",
									"var randomRecord= response.result[randomInteger].sys_id;",
									"pm.globals.set(\"randomId\",randomRecord);",
									"console.log(randomInteger);",
									"",
									"",
									"",
									"pm.test(\"Status code is 200\", function () {",
									"    pm.response.to.have.status(200);",
									"});"
								],
								"type": "text/javascript"
							}
						}
					],
					"request": {
						"method": "GET",
						"header": [],
						"url": {
							"raw": "https://{{env}}/api/now/table/{{table}}?sysparm_fields=number,sys_id,category,short_description",
							"protocol": "https",
							"host": [
								"{{env}}"
							],
							"path": [
								"api",
								"now",
								"table",
								"{{table}}"
							],
							"query": [
								{
									"key": "sysparm_fields",
									"value": "number,sys_id,category,short_description"
								}
							]
						}
					},
					"response": []
				},
				{
					"name": "deleteRandomIncident",
					"event": [
						{
							"listen": "test",
							"script": {
								"exec": [
									"pm.test(\"Status code is 200\", function () {",
									"    pm.response.to.have.status(204);",
									"});"
								],
								"type": "text/javascript"
							}
						}
					],
					"request": {
						"method": "DELETE",
						"header": [],
						"url": {
							"raw": "https://{{env}}/api/now/table/{{table}}/{{randomId}}",
							"protocol": "https",
							"host": [
								"{{env}}"
							],
							"path": [
								"api",
								"now",
								"table",
								"{{table}}",
								"{{randomId}}"
							]
						}
					},
					"response": []
				},
				{
					"name": "deleteFirstincident",
					"event": [
						{
							"listen": "test",
							"script": {
								"exec": [
									"pm.test(\"Status code is 200\", function () {",
									"    pm.response.to.have.status(204);",
									"});"
								],
								"type": "text/javascript"
							}
						}
					],
					"request": {
						"method": "DELETE",
						"header": [],
						"url": {
							"raw": "https://{{env}}/api/now/table/{{table}}/{{firstId}}",
							"protocol": "https",
							"host": [
								"{{env}}"
							],
							"path": [
								"api",
								"now",
								"table",
								"{{table}}",
								"{{firstId}}"
							]
						}
					},
					"response": []
				},
				{
					"name": "deleteLastIncident",
					"event": [
						{
							"listen": "test",
							"script": {
								"exec": [
									"pm.test(\"Status code is 200\", function () {",
									"    pm.response.to.have.status(204);",
									"});"
								],
								"type": "text/javascript"
							}
						}
					],
					"request": {
						"method": "DELETE",
						"header": [],
						"url": {
							"raw": "https://{{env}}/api/now/table/{{table}}/{{lastId}}",
							"protocol": "https",
							"host": [
								"{{env}}"
							],
							"path": [
								"api",
								"now",
								"table",
								"{{table}}",
								"{{lastId}}"
							]
						}
					},
					"response": []
				}
			]
		}
	],
	"auth": {
		"type": "oauth2",
		"oauth2": [
			{
				"key": "state",
				"value": "SNPOSTMAN",
				"type": "string"
			},
			{
				"key": "clientSecret",
				"value": "admin",
				"type": "string"
			},
			{
				"key": "clientId",
				"value": "37def174606811100fb37be2c6bfe426",
				"type": "string"
			},
			{
				"key": "accessTokenUrl",
				"value": "https://dev70245.service-now.com/oauth_token.do",
				"type": "string"
			},
			{
				"key": "authUrl",
				"value": "https://dev70245.service-now.com/oauth_auth.do",
				"type": "string"
			},
			{
				"key": "redirect_uri",
				"value": "https://www.getpostman.com/oauth2/callback",
				"type": "string"
			},
			{
				"key": "grant_type",
				"value": "authorization_code",
				"type": "string"
			},
			{
				"key": "tokenName",
				"value": "SNtoken",
				"type": "string"
			},
			{
				"key": "addTokenTo",
				"value": "header",
				"type": "string"
			}
		]
	},
	"event": [
		{
			"listen": "prerequest",
			"script": {
				"type": "text/javascript",
				"exec": [
					""
				]
			}
		},
		{
			"listen": "test",
			"script": {
				"type": "text/javascript",
				"exec": [
					""
				]
			}
		}
	]
}