{
	"info": {
		"_postman_id": "ddbcedcf-cf1a-4491-b4f2-490a4a2bf682",
		"name": "Jira-postman-collection",
		"schema": "https://schema.getpostman.com/json/collection/v2.1.0/collection.json",
		"_exporter_id": "21745860"
	},
	"item": [
		{
			"name": "createIssue",
			"event": [
				{
					"listen": "test",
					"script": {
						"exec": [
							"var response=pm.response.json();",
							"var id= response.id;",
							"// set as global variable",
							"pm.globals.set(\"id\",id)",
							"",
							"pm.test(\"Status code is 201\", function () {",
							"    pm.response.to.have.status(201);",
							"});"
						],
						"type": "text/javascript"
					}
				}
			],
			"request": {
				"method": "POST",
				"header": [
					{
						"key": "Accept",
						"value": "application/json"
					},
					{
						"key": "Content-Type",
						"value": "application/json"
					}
				],
				"body": {
					"mode": "raw",
					"raw": "{\n  \"fields\": {\n    \"project\": {\n      \"key\": \"MYP\"\n    },\n    \"summary\": \"Sample issue summary12\",\n    \"issuetype\": {\n      \"name\": \"Bug\"\n    }   ,\n    \"description\": {\n      \"type\": \"doc\",\n      \"version\": 1,\n      \"content\": [\n        {\n          \"type\": \"paragraph\",\n          \"content\": [\n            {\n              \"text\": \"description\",\n              \"type\": \"text\"\n            }\n          ]\n        }\n      ]\n    }\n  }\n}"
				},
				"url": {
					"raw": "https://{{host}}/rest/api/3/issue",
					"protocol": "https",
					"host": [
						"{{host}}"
					],
					"path": [
						"rest",
						"api",
						"3",
						"issue"
					]
				}
			},
			"response": []
		},
		{
			"name": "updateissue",
			"event": [
				{
					"listen": "test",
					"script": {
						"exec": [
							"pm.test(\"Status code is 204\", function () {",
							"    pm.response.to.have.status(204);",
							"});"
						],
						"type": "text/javascript"
					}
				}
			],
			"request": {
				"method": "PUT",
				"header": [],
				"body": {
					"mode": "raw",
					"raw": "{\n  \"fields\": {\n    \"project\": {\n      \"key\": \"MYP\"\n    },\n    \"summary\": \"Sample issue summary ater edit\",\n    \"issuetype\": {\n      \"name\": \"Bug\"\n    }  \n  }\n}",
					"options": {
						"raw": {
							"language": "json"
						}
					}
				},
				"url": {
					"raw": "https://pradeep-kadarla.atlassian.net/rest/api/2/issue/{{id}}",
					"protocol": "https",
					"host": [
						"pradeep-kadarla",
						"atlassian",
						"net"
					],
					"path": [
						"rest",
						"api",
						"2",
						"issue",
						"{{id}}"
					]
				}
			},
			"response": []
		},
		{
			"name": "AddAttachment",
			"event": [
				{
					"listen": "test",
					"script": {
						"exec": [
							"pm.test(\"Your test name\", function () {",
							"    var jsonData = pm.response.json();",
							"    pm.expect(jsonData[0].filename).to.eql(\"jira.json\");",
							"});",
							"var jsonData=pm.response.json();",
							"var size=jsonData.length;",
							"",
							"pm.globals.set(\"attachmentId\",jsonData[0].id)"
						],
						"type": "text/javascript"
					}
				}
			],
			"request": {
				"method": "POST",
				"header": [
					{
						"key": "X-Atlassian-Token",
						"value": "no-check",
						"type": "text"
					}
				],
				"body": {
					"mode": "formdata",
					"formdata": [
						{
							"key": "file",
							"type": "file",
							"src": "/Users/krishna/Documents/Postmandata/jira.json"
						}
					]
				},
				"url": {
					"raw": "https://{{host}}/rest/api/2/issue/{{id}}/attachments",
					"protocol": "https",
					"host": [
						"{{host}}"
					],
					"path": [
						"rest",
						"api",
						"2",
						"issue",
						"{{id}}",
						"attachments"
					]
				}
			},
			"response": []
		},
		{
			"name": "getIssue",
			"event": [
				{
					"listen": "test",
					"script": {
						"exec": [
							"pm.test(\"Status code is 200\", function () {",
							"    pm.response.to.have.status(200);",
							"});",
							"",
							"",
							"pm.test(\"Your test name\", function () {",
							"    var jsonData = pm.response.json();",
							"    pm.expect(jsonData.id).to.eql(pm.globals.get(\"id\"));",
							"});"
						],
						"type": "text/javascript"
					}
				}
			],
			"request": {
				"method": "GET",
				"header": [],
				"url": {
					"raw": "https://{{host}}/rest/api/2/issue/{{id}}",
					"protocol": "https",
					"host": [
						"{{host}}"
					],
					"path": [
						"rest",
						"api",
						"2",
						"issue",
						"{{id}}"
					]
				}
			},
			"response": []
		},
		{
			"name": "DeleteAttachment",
			"event": [
				{
					"listen": "test",
					"script": {
						"exec": [
							"pm.test(\"Status code is 204\", function () {",
							"    pm.response.to.have.status(204);",
							"});",
							"",
							"pm.test(\"Response time is less than 1000ms\", function () {",
							"    pm.expect(pm.response.responseTime).to.be.below(1000);",
							"});"
						],
						"type": "text/javascript"
					}
				}
			],
			"request": {
				"method": "DELETE",
				"header": [],
				"url": {
					"raw": "https://{{host}}/rest/api/2/attachment/{{attachmentId}}",
					"protocol": "https",
					"host": [
						"{{host}}"
					],
					"path": [
						"rest",
						"api",
						"2",
						"attachment",
						"{{attachmentId}}"
					]
				}
			},
			"response": []
		},
		{
			"name": "deleteissue",
			"event": [
				{
					"listen": "test",
					"script": {
						"exec": [
							"pm.test(\"Status code is 204\", function () {",
							"    pm.response.to.have.status(204);",
							"});"
						],
						"type": "text/javascript"
					}
				}
			],
			"request": {
				"method": "DELETE",
				"header": [],
				"url": {
					"raw": "https://{{host}}/rest/api/2/issue/{{id}}",
					"protocol": "https",
					"host": [
						"{{host}}"
					],
					"path": [
						"rest",
						"api",
						"2",
						"issue",
						"{{id}}"
					]
				}
			},
			"response": []
		},
		{
			"name": "getmetaData",
			"request": {
				"method": "GET",
				"header": [],
				"url": {
					"raw": "https://{{host}}/rest/api/2/issue/createmeta",
					"protocol": "https",
					"host": [
						"{{host}}"
					],
					"path": [
						"rest",
						"api",
						"2",
						"issue",
						"createmeta"
					]
				}
			},
			"response": []
		}
	],
	"auth": {
		"type": "basic",
		"basic": [
			{
				"key": "password",
				"value": "oKuN7Tw0owyexPtZGnhhC9C4",
				"type": "string"
			},
			{
				"key": "username",
				"value": "kadarla.pradeep4@gmail.com",
				"type": "string"
			}
		]
	},
	"event": [
		{
			"listen": "prerequest",
			"script": {
				"type": "text/javascript",
				"exec": [
					""
				]
			}
		},
		{
			"listen": "test",
			"script": {
				"type": "text/javascript",
				"exec": [
					""
				]
			}
		}
	]
}