{
	"info": {
		"_postman_id": "ab2af367-8151-409e-920d-964cf60fbd95",
		"name": "Newman-run",
		"schema": "https://schema.getpostman.com/json/collection/v2.1.0/collection.json",
		"_exporter_id": "21745860"
	},
	"item": [
		{
			"name": "createIssue Copy",
			"event": [
				{
					"listen": "test",
					"script": {
						"exec": [
							"var response=pm.response.json();",
							"var id=response.id;",
							"",
							"pm.globals.set(\"id\",id);",
							"",
							"pm.test(\"Status code is 201\", function () {",
							"    pm.response.to.have.status(201);",
							"});"
						],
						"type": "text/javascript"
					}
				}
			],
			"request": {
				"method": "POST",
				"header": [],
				"body": {
					"mode": "raw",
					"raw": "{\n  \"fields\": {\n    \"project\": {\n      \"key\": \"MYP\"\n    },\n    \"summary\": \"{{summary}}\",\n    \"issuetype\": {\n      \"name\": \"{{name}}\"\n    }   ,\n    \"description\": {\n      \"type\": \"doc\",\n      \"version\": 1,\n      \"content\": [\n        {\n          \"type\": \"paragraph\",\n          \"content\": [\n            {\n              \"text\": \"description\",\n              \"type\": \"text\"\n            }\n          ]\n        }\n      ]\n    }\n  }\n}",
					"options": {
						"raw": {
							"language": "json"
						}
					}
				},
				"url": {
					"raw": "https://{{host}}/rest/api/3/issue",
					"protocol": "https",
					"host": [
						"{{host}}"
					],
					"path": [
						"rest",
						"api",
						"3",
						"issue"
					]
				}
			},
			"response": []
		},
		{
			"name": "getIssue Copy",
			"event": [
				{
					"listen": "test",
					"script": {
						"exec": [
							"pm.test(\"Status code is 200\", function () {",
							"    pm.response.to.have.status(200);",
							"});",
							"",
							"",
							"pm.test(\"Your test name\", function () {",
							"    var jsonData = pm.response.json();",
							"    pm.expect(jsonData.id).to.eql(pm.globals.get(\"id\"));",
							"});"
						],
						"type": "text/javascript"
					}
				}
			],
			"request": {
				"method": "GET",
				"header": [],
				"url": {
					"raw": "https://{{host}}/rest/api/2/issue/{{id}}",
					"protocol": "https",
					"host": [
						"{{host}}"
					],
					"path": [
						"rest",
						"api",
						"2",
						"issue",
						"{{id}}"
					]
				}
			},
			"response": []
		},
		{
			"name": "deleteissue Copy",
			"event": [
				{
					"listen": "test",
					"script": {
						"exec": [
							"pm.test(\"Status code is 204\", function () {",
							"    pm.response.to.have.status(204);",
							"});"
						],
						"type": "text/javascript"
					}
				}
			],
			"request": {
				"method": "DELETE",
				"header": [],
				"url": {
					"raw": "https://{{host}}/rest/api/2/issue/{{id}}",
					"protocol": "https",
					"host": [
						"{{host}}"
					],
					"path": [
						"rest",
						"api",
						"2",
						"issue",
						"{{id}}"
					]
				}
			},
			"response": []
		}
	],
	"auth": {
		"type": "basic",
		"basic": [
			{
				"key": "password",
				"value": "oKuN7Tw0owyexPtZGnhhC9C4",
				"type": "string"
			},
			{
				"key": "username",
				"value": "kadarla.pradeep4@gmail.com",
				"type": "string"
			}
		]
	},
	"event": [
		{
			"listen": "prerequest",
			"script": {
				"type": "text/javascript",
				"exec": [
					""
				]
			}
		},
		{
			"listen": "test",
			"script": {
				"type": "text/javascript",
				"exec": [
					""
				]
			}
		}
	]
}