{
	"id": "125cb3de-51da-4062-80b7-e4cb3fa22b6d",
	"values": [
		{
			"key": "sys_id",
			"value": "",
			"type": "any",
			"enabled": true
		},
		{
			"key": "id",
			"value": "",
			"type": "any",
			"enabled": true
		},
		{
			"key": "table",
			"value": "incident",
			"type": "default",
			"enabled": true
		},
		{
			"key": "sysId",
			"value": "",
			"type": "any",
			"enabled": true
		},
		{
			"key": "attachmentId",
			"value": "",
			"type": "any",
			"enabled": true
		},
		{
			"key": "lastId",
			"value": "",
			"type": "any",
			"enabled": true
		},
		{
			"key": "firstId",
			"value": "",
			"type": "any",
			"enabled": true
		},
		{
			"key": "randomId",
			"value": "",
			"type": "any",
			"enabled": true
		}
	],
	"name": "Globals",
	"_postman_variable_scope": "globals",
	"_postman_exported_at": "2022-07-09T06:37:34.259Z",
	"_postman_exported_using": "Postman/9.24.1"
}